{"loss": {"regress": {"y": [0.0003414881939534098], "x": [0.0057072327472269535], "w": [0.001674179220572114], "h": [0.004569553770124912]}, "loss": [0.015387098304927349], "classify": [0.003094644285738468]}, "train": {"total_neg": [10.0], "total_pos": [3.0], "tpr": [100.0], "tnr": [100.0]}}