{"loss": {"regress": {"y": [0.004077053628861904], "x": [0.0062086149118840694], "w": [0.003820620011538267], "h": [0.07414945960044861]}, "loss": [0.9167187213897705], "classify": [0.8284629583358765]}, "val": {"total_neg": [22391082.0], "total_pos": [231.0], "tpr": [58.44155844155844], "tnr": [99.99972310404651]}}